original_text,tokens,labels
በተች የሚሰራ ቻርጅ የሚደረግ ለመኝታ ቤት ፣ ለሳሎን ፣ ለ ሆቴሎች እንዲሁም ለባዝ ሩም ዋጋ፦ ብር ውስን ፍሬ ነው ያለው   አድራሻ መገናኛ መሰረት ደፋር ሞል ሁለተኛ ፎቅ ቢሮ ቁ በ ለማዘዝ  ይጠቀሙ ለተጨማሪ ማብራሪያ የቴሌግራም ገፃችን,"['በተች', 'የሚሰራ', 'ቻርጅ', 'የሚደረግ', 'ለመኝታ', 'ቤት', '፣', 'ለሳሎን', '፣', 'ለ', 'ሆቴሎች', 'እንዲሁም', 'ለባዝ', 'ሩም', 'ዋጋ፦', 'ብር', 'ውስን', 'ፍሬ', 'ነው', 'ያለው', 'አድራሻ', 'መገናኛ', 'መሰረት', 'ደፋር', 'ሞል', 'ሁለተኛ', 'ፎቅ', 'ቢሮ', 'ቁ', 'በ', 'ለማዘዝ', 'ይጠቀሙ', 'ለተጨማሪ', 'ማብራሪያ', 'የቴሌግራም', 'ገፃችን']","['O', 'O', 'O', 'O', 'O', 'O', 'O', 'O', 'O', 'O', 'O', 'O', 'O', 'O', 'B-PRICE', 'O', 'O', 'O', 'O', 'O', 'B-LOC', 'B-LOC', 'I-LOC', 'B-LOC', 'I-LOC', 'I-LOC', 'B-LOC', 'B-LOC', 'I-LOC', 'I-LOC', 'I-LOC', 'I-LOC', 'I-LOC', 'I-LOC', 'I-LOC', 'I-LOC']"
ዋጋ፦ ብር ውስን ፍሬ ነው ያለው   አድራሻ መገናኛ መሰረት ደፋር ሞል ሁለተኛ ፎቅ ቢሮ ቁ በ ለማዘዝ  ይጠቀሙ ለተጨማሪ ማብራሪያ የቴሌግራም ገፃችን,"['ዋጋ፦', 'ብር', 'ውስን', 'ፍሬ', 'ነው', 'ያለው', 'አድራሻ', 'መገናኛ', 'መሰረት', 'ደፋር', 'ሞል', 'ሁለተኛ', 'ፎቅ', 'ቢሮ', 'ቁ', 'በ', 'ለማዘዝ', 'ይጠቀሙ', 'ለተጨማሪ', 'ማብራሪያ', 'የቴሌግራም', 'ገፃችን']","['B-PRICE', 'O', 'O', 'O', 'O', 'O', 'B-LOC', 'B-LOC', 'I-LOC', 'B-LOC', 'I-LOC', 'I-LOC', 'B-LOC', 'B-LOC', 'I-LOC', 'I-LOC', 'I-LOC', 'I-LOC', 'I-LOC', 'I-LOC', 'I-LOC', 'I-LOC']"
በኤሌክትሪክየሚሰራ ለቤት መልካም መዓዛን የሚሰጥ ዋጋ፦ ብር ውስን ፍሬ ነው ያለን  አድራሻ መገናኛ መሰረት ደፋር ሞል ሁለተኛ ፎቅ ቢሮ ቁ በ ለማዘዝ  ይጠቀሙ ለተጨማሪ ማብራሪያ የቴሌግራም ገፃችን,"['በኤሌክትሪክየሚሰራ', 'ለቤት', 'መልካም', 'መዓዛን', 'የሚሰጥ', 'ዋጋ፦', 'ብር', 'ውስን', 'ፍሬ', 'ነው', 'ያለን', 'አድራሻ', 'መገናኛ', 'መሰረት', 'ደፋር', 'ሞል', 'ሁለተኛ', 'ፎቅ', 'ቢሮ', 'ቁ', 'በ', 'ለማዘዝ', 'ይጠቀሙ', 'ለተጨማሪ', 'ማብራሪያ', 'የቴሌግራም', 'ገፃችን']","['O', 'O', 'O', 'O', 'O', 'B-PRICE', 'O', 'O', 'O', 'O', 'O', 'B-LOC', 'B-LOC', 'I-LOC', 'B-LOC', 'I-LOC', 'I-LOC', 'B-LOC', 'B-LOC', 'I-LOC', 'I-LOC', 'I-LOC', 'I-LOC', 'I-LOC', 'I-LOC', 'I-LOC', 'I-LOC']"
የሱሪ ማስቀመጫ ዋጋ፦ ብር ውስን ፍሬ ነው ያለን  አድራሻ መገናኛ መሰረት ደፋር ሞል ሁለተኛ ፎቅ ቢሮ ቁ በ ለማዘዝ  ይጠቀሙ ለተጨማሪ ማብራሪያ የቴሌግራም ገፃችን,"['የሱሪ', 'ማስቀመጫ', 'ዋጋ፦', 'ብር', 'ውስን', 'ፍሬ', 'ነው', 'ያለን', 'አድራሻ', 'መገናኛ', 'መሰረት', 'ደፋር', 'ሞል', 'ሁለተኛ', 'ፎቅ', 'ቢሮ', 'ቁ', 'በ', 'ለማዘዝ', 'ይጠቀሙ', 'ለተጨማሪ', 'ማብራሪያ', 'የቴሌግራም', 'ገፃችን']","['O', 'O', 'B-PRICE', 'O', 'O', 'O', 'O', 'O', 'B-LOC', 'B-LOC', 'I-LOC', 'B-LOC', 'I-LOC', 'I-LOC', 'B-LOC', 'B-LOC', 'I-LOC', 'I-LOC', 'I-LOC', 'I-LOC', 'I-LOC', 'I-LOC', 'I-LOC', 'I-LOC']"
በበርዎ ስር አቧራ እና ነፍሳት እንዳይገባ የሚከላከል አንደኛው ወፍራሙ ዋጋ፦ ብር ውስን ፍሬ ነው ያለው   አድራሻ መገናኛ መሰረት ደፋር ሞል ሁለተኛ ፎቅ ቢሮ ቁ በ ለማዘዝ  ይጠቀሙ ለተጨማሪ ማብራሪያ የቴሌግራም ገፃችን,"['በበርዎ', 'ስር', 'አቧራ', 'እና', 'ነፍሳት', 'እንዳይገባ', 'የሚከላከል', 'አንደኛው', 'ወፍራሙ', 'ዋጋ፦', 'ብር', 'ውስን', 'ፍሬ', 'ነው', 'ያለው', 'አድራሻ', 'መገናኛ', 'መሰረት', 'ደፋር', 'ሞል', 'ሁለተኛ', 'ፎቅ', 'ቢሮ', 'ቁ', 'በ', 'ለማዘዝ', 'ይጠቀሙ', 'ለተጨማሪ', 'ማብራሪያ', 'የቴሌግራም', 'ገፃችን']","['O', 'O', 'O', 'O', 'O', 'O', 'O', 'O', 'O', 'B-PRICE', 'O', 'O', 'O', 'O', 'O', 'B-LOC', 'B-LOC', 'I-LOC', 'B-LOC', 'I-LOC', 'I-LOC', 'B-LOC', 'B-LOC', 'I-LOC', 'I-LOC', 'I-LOC', 'I-LOC', 'I-LOC', 'I-LOC', 'I-LOC', 'I-LOC']"
የቀለም አማራጭ አላቸው በጣም ቀላል፣ ለመያዝ ምቹ ጥላ  በትንሽ የእጅ ቦርሳ ወይም በኪስ መያዝ የሚችል ዋጋ፦ ብር ውስን ፍሬ ነው ያለው   አድራሻ መገናኛ መሰረት ደፋር ሞል ሁለተኛ ፎቅ ቢሮ ቁ በ ለማዘዝ  ይጠቀሙ ለተጨማሪ ማብራሪያ የቴሌግራም ገፃችን,"['የቀለም', 'አማራጭ', 'አላቸው', 'በጣም', 'ቀላል፣', 'ለመያዝ', 'ምቹ', 'ጥላ', 'በትንሽ', 'የእጅ', 'ቦርሳ', 'ወይም', 'በኪስ', 'መያዝ', 'የሚችል', 'ዋጋ፦', 'ብር', 'ውስን', 'ፍሬ', 'ነው', 'ያለው', 'አድራሻ', 'መገናኛ', 'መሰረት', 'ደፋር', 'ሞል', 'ሁለተኛ', 'ፎቅ', 'ቢሮ', 'ቁ', 'በ', 'ለማዘዝ', 'ይጠቀሙ', 'ለተጨማሪ', 'ማብራሪያ', 'የቴሌግራም', 'ገፃችን']","['O', 'O', 'O', 'O', 'O', 'O', 'O', 'O', 'O', 'O', 'O', 'O', 'O', 'O', 'O', 'B-PRICE', 'O', 'O', 'O', 'O', 'O', 'B-LOC', 'B-LOC', 'I-LOC', 'B-LOC', 'I-LOC', 'I-LOC', 'B-LOC', 'B-LOC', 'I-LOC', 'I-LOC', 'I-LOC', 'I-LOC', 'I-LOC', 'I-LOC', 'I-LOC', 'I-LOC']"
በኤሌክትሪክ የሚሰራ ለቤትና ለመኪና መልካም መዓዛን የሚሰጥ ዋጋ፦ ብር ውስን ፍሬ ነው ያለን  አድራሻ መገናኛ መሰረት ደፋር ሞል ሁለተኛ ፎቅ ቢሮ ቁ በ ለማዘዝ  ይጠቀሙ ለተጨማሪ ማብራሪያ የቴሌግራም ገፃችን,"['በኤሌክትሪክ', 'የሚሰራ', 'ለቤትና', 'ለመኪና', 'መልካም', 'መዓዛን', 'የሚሰጥ', 'ዋጋ፦', 'ብር', 'ውስን', 'ፍሬ', 'ነው', 'ያለን', 'አድራሻ', 'መገናኛ', 'መሰረት', 'ደፋር', 'ሞል', 'ሁለተኛ', 'ፎቅ', 'ቢሮ', 'ቁ', 'በ', 'ለማዘዝ', 'ይጠቀሙ', 'ለተጨማሪ', 'ማብራሪያ', 'የቴሌግራም', 'ገፃችን']","['O', 'O', 'O', 'O', 'O', 'O', 'O', 'B-PRICE', 'O', 'O', 'O', 'O', 'O', 'B-LOC', 'B-LOC', 'I-LOC', 'B-LOC', 'I-LOC', 'I-LOC', 'B-LOC', 'B-LOC', 'I-LOC', 'I-LOC', 'I-LOC', 'I-LOC', 'I-LOC', 'I-LOC', 'I-LOC', 'I-LOC']"
ውሃ የማያስገባ እንደገና ሊታጠብ የሚችል የሕፃን የሽንት ምንጣፍ።  በተጨማሪም ዳይፐር ለመቀየር የሚያገለግል ዋጋ፦ ብር ውስን ፍሬ ነው ያለው   አድራሻ መገናኛ መሰረት ደፋር ሞል ሁለተኛ ፎቅ ቢሮ ቁ በ ለማዘዝ  ይጠቀሙ ለተጨማሪ ማብራሪያ የቴሌግራም ገፃችን,"['ውሃ', 'የማያስገባ', 'እንደገና', 'ሊታጠብ', 'የሚችል', 'የሕፃን', 'የሽንት', 'ምንጣፍ።', 'በተጨማሪም', 'ዳይፐር', 'ለመቀየር', 'የሚያገለግል', 'ዋጋ፦', 'ብር', 'ውስን', 'ፍሬ', 'ነው', 'ያለው', 'አድራሻ', 'መገናኛ', 'መሰረት', 'ደፋር', 'ሞል', 'ሁለተኛ', 'ፎቅ', 'ቢሮ', 'ቁ', 'በ', 'ለማዘዝ', 'ይጠቀሙ', 'ለተጨማሪ', 'ማብራሪያ', 'የቴሌግራም', 'ገፃችን']","['O', 'O', 'O', 'O', 'O', 'O', 'O', 'O', 'O', 'O', 'O', 'O', 'B-PRICE', 'O', 'O', 'O', 'O', 'O', 'B-LOC', 'B-LOC', 'I-LOC', 'B-LOC', 'I-LOC', 'I-LOC', 'B-LOC', 'B-LOC', 'I-LOC', 'I-LOC', 'I-LOC', 'I-LOC', 'I-LOC', 'I-LOC', 'I-LOC', 'I-LOC']"
አልቋል ለተባላችሁ በድጋሜ ገብቷል ለሕፃን ወተት ማሞቂያ  በተጨማሪ ምግብ ለመቀቀል የሚሆን ዋጋ፦ ብር ውስን ፍሬ ነው ያለው  አድራሻ መገናኛ መሰረት ደፋር ሞል ሁለተኛ ፎቅ ቢሮ ቁ በ ለማዘዝ  ይጠቀሙ ለተጨማሪ ማብራሪያ የቴሌግራም ገፃችን,"['አልቋል', 'ለተባላችሁ', 'በድጋሜ', 'ገብቷል', 'ለሕፃን', 'ወተት', 'ማሞቂያ', 'በተጨማሪ', 'ምግብ', 'ለመቀቀል', 'የሚሆን', 'ዋጋ፦', 'ብር', 'ውስን', 'ፍሬ', 'ነው', 'ያለው', 'አድራሻ', 'መገናኛ', 'መሰረት', 'ደፋር', 'ሞል', 'ሁለተኛ', 'ፎቅ', 'ቢሮ', 'ቁ', 'በ', 'ለማዘዝ', 'ይጠቀሙ', 'ለተጨማሪ', 'ማብራሪያ', 'የቴሌግራም', 'ገፃችን']","['O', 'O', 'O', 'O', 'O', 'B-PRODUCT', 'I-PRODUCT', 'I-PRODUCT', 'I-PRODUCT', 'I-PRODUCT', 'I-PRODUCT', 'B-PRICE', 'O', 'O', 'O', 'O', 'O', 'B-LOC', 'B-LOC', 'I-LOC', 'B-LOC', 'I-LOC', 'I-LOC', 'B-LOC', 'B-LOC', 'I-LOC', 'I-LOC', 'I-LOC', 'I-LOC', 'I-LOC', 'I-LOC', 'I-LOC', 'I-LOC']"
ዋጋ፦ ብር ውስን ፍሬ ነው ያለን  አድራሻ መገናኛ መሰረት ደፋር ሞል ሁለተኛ ፎቅ ቢሮ ቁ በ ለማዘዝ  ይጠቀሙ ለተጨማሪ ማብራሪያ የቴሌግራም ገፃችን,"['ዋጋ፦', 'ብር', 'ውስን', 'ፍሬ', 'ነው', 'ያለን', 'አድራሻ', 'መገናኛ', 'መሰረት', 'ደፋር', 'ሞል', 'ሁለተኛ', 'ፎቅ', 'ቢሮ', 'ቁ', 'በ', 'ለማዘዝ', 'ይጠቀሙ', 'ለተጨማሪ', 'ማብራሪያ', 'የቴሌግራም', 'ገፃችን']","['B-PRICE', 'O', 'O', 'O', 'O', 'O', 'B-LOC', 'B-LOC', 'I-LOC', 'B-LOC', 'I-LOC', 'I-LOC', 'B-LOC', 'B-LOC', 'I-LOC', 'I-LOC', 'I-LOC', 'I-LOC', 'I-LOC', 'I-LOC', 'I-LOC', 'I-LOC']"
ዋጋ፦ ብር ውስን ፍሬ ነው ያለን  አድራሻ መገናኛ መሰረት ደፋር ሞል ሁለተኛ ፎቅ ቢሮ ቁ በ ለማዘዝ  ይጠቀሙ ለተጨማሪ ማብራሪያ የቴሌግራም ገፃችን,"['ዋጋ፦', 'ብር', 'ውስን', 'ፍሬ', 'ነው', 'ያለን', 'አድራሻ', 'መገናኛ', 'መሰረት', 'ደፋር', 'ሞል', 'ሁለተኛ', 'ፎቅ', 'ቢሮ', 'ቁ', 'በ', 'ለማዘዝ', 'ይጠቀሙ', 'ለተጨማሪ', 'ማብራሪያ', 'የቴሌግራም', 'ገፃችን']","['B-PRICE', 'O', 'O', 'O', 'O', 'O', 'B-LOC', 'B-LOC', 'I-LOC', 'B-LOC', 'I-LOC', 'I-LOC', 'B-LOC', 'B-LOC', 'I-LOC', 'I-LOC', 'I-LOC', 'I-LOC', 'I-LOC', 'I-LOC', 'I-LOC', 'I-LOC']"
ዋጋ፦ ብር ውስን ፍሬ ነው ያለን  አድራሻ መገናኛ መሰረት ደፋር ሞል ሁለተኛ ፎቅ ቢሮ ቁ በ ለማዘዝ  ይጠቀሙ ለተጨማሪ ማብራሪያ የቴሌግራም ገፃችን,"['ዋጋ፦', 'ብር', 'ውስን', 'ፍሬ', 'ነው', 'ያለን', 'አድራሻ', 'መገናኛ', 'መሰረት', 'ደፋር', 'ሞል', 'ሁለተኛ', 'ፎቅ', 'ቢሮ', 'ቁ', 'በ', 'ለማዘዝ', 'ይጠቀሙ', 'ለተጨማሪ', 'ማብራሪያ', 'የቴሌግራም', 'ገፃችን']","['B-PRICE', 'O', 'O', 'O', 'O', 'O', 'B-LOC', 'B-LOC', 'I-LOC', 'B-LOC', 'I-LOC', 'I-LOC', 'B-LOC', 'B-LOC', 'I-LOC', 'I-LOC', 'I-LOC', 'I-LOC', 'I-LOC', 'I-LOC', 'I-LOC', 'I-LOC']"
ለአጭር መልእክት  አድራሻ  መገናኛ ማራቶን የ ገበያ ማእከል በ ዋናው መግቢያ መሬት ላይ ወይንም ግራውንድ ፍሎር ብቅ ይበሉ ነቫ ኮምፒውተር መሆኑን ያረጋግጡ ድህረ ገጻችንን ይጎብኙ  ቴሌግራም ቻናላችንን ይቀላቀሉ,"['ለአጭር', 'መልእክት', 'አድራሻ', 'መገናኛ', 'ማራቶን', 'የ', 'ገበያ', 'ማእከል', 'በ', 'ዋናው', 'መግቢያ', 'መሬት', 'ላይ', 'ወይንም', 'ግራውንድ', 'ፍሎር', 'ብቅ', 'ይበሉ', 'ነቫ', 'ኮምፒውተር', 'መሆኑን', 'ያረጋግጡ', 'ድህረ', 'ገጻችንን', 'ይጎብኙ', 'ቴሌግራም', 'ቻናላችንን', 'ይቀላቀሉ']","['O', 'O', 'B-LOC', 'B-LOC', 'I-LOC', 'I-LOC', 'I-LOC', 'I-LOC', 'I-LOC', 'I-LOC', 'I-LOC', 'I-LOC', 'I-LOC', 'I-LOC', 'I-LOC', 'I-LOC', 'I-LOC', 'I-LOC', 'I-LOC', 'I-LOC', 'I-LOC', 'I-LOC', 'I-LOC', 'I-LOC', 'I-LOC', 'I-LOC', 'I-LOC', 'I-LOC']"
ለአጭር መልእክት ይደዉሉ   አድራሻ  መገናኛ ማራቶን የ ገበያ ማእከል በ ዋናው መግቢያ መሬት ላይ ወይንም ግራውንድ ፍሎር ብቅ ይበሉ ነቫ ኮምፒውተር መሆኑን ያረጋግጡ ድህረ ገጻችንን ይጎብኙ  ቴሌግራም ቻናላችንን ይቀላቀሉ,"['ለአጭር', 'መልእክት', 'ይደዉሉ', 'አድራሻ', 'መገናኛ', 'ማራቶን', 'የ', 'ገበያ', 'ማእከል', 'በ', 'ዋናው', 'መግቢያ', 'መሬት', 'ላይ', 'ወይንም', 'ግራውንድ', 'ፍሎር', 'ብቅ', 'ይበሉ', 'ነቫ', 'ኮምፒውተር', 'መሆኑን', 'ያረጋግጡ', 'ድህረ', 'ገጻችንን', 'ይጎብኙ', 'ቴሌግራም', 'ቻናላችንን', 'ይቀላቀሉ']","['O', 'O', 'O', 'B-LOC', 'B-LOC', 'I-LOC', 'I-LOC', 'I-LOC', 'I-LOC', 'I-LOC', 'I-LOC', 'I-LOC', 'I-LOC', 'I-LOC', 'I-LOC', 'I-LOC', 'I-LOC', 'I-LOC', 'I-LOC', 'I-LOC', 'I-LOC', 'I-LOC', 'I-LOC', 'I-LOC', 'I-LOC', 'I-LOC', 'I-LOC', 'I-LOC', 'I-LOC']"
ለአጭር መልእክት ይደዉሉ አድራሻ  መገናኛ ማራቶን የ ገበያ ማእከል በ ዋናው መግቢያ መሬት ላይ ወይንም ግራውንድ ፍሎር ብቅ ይበሉ ነቫ ኮምፒውተር መሆኑን ያረጋግጡ ድህረ ገጻችንን ይጎብኙ  ቴሌግራም ቻናላችንን ይቀላቀሉ,"['ለአጭር', 'መልእክት', 'ይደዉሉ', 'አድራሻ', 'መገናኛ', 'ማራቶን', 'የ', 'ገበያ', 'ማእከል', 'በ', 'ዋናው', 'መግቢያ', 'መሬት', 'ላይ', 'ወይንም', 'ግራውንድ', 'ፍሎር', 'ብቅ', 'ይበሉ', 'ነቫ', 'ኮምፒውተር', 'መሆኑን', 'ያረጋግጡ', 'ድህረ', 'ገጻችንን', 'ይጎብኙ', 'ቴሌግራም', 'ቻናላችንን', 'ይቀላቀሉ']","['O', 'O', 'O', 'B-LOC', 'B-LOC', 'I-LOC', 'I-LOC', 'I-LOC', 'I-LOC', 'I-LOC', 'I-LOC', 'I-LOC', 'I-LOC', 'I-LOC', 'I-LOC', 'I-LOC', 'I-LOC', 'I-LOC', 'I-LOC', 'I-LOC', 'I-LOC', 'I-LOC', 'I-LOC', 'I-LOC', 'I-LOC', 'I-LOC', 'I-LOC', 'I-LOC', 'I-LOC']"
ለአጭር መልእክት ይደዉሉ አድራሻ  መገናኛ ማራቶን የ ገበያ ማእከል በ ዋናው መግቢያ መሬት ላይ ወይንም ግራውንድ ፍሎር ብቅ ይበሉ ነቫ ኮምፒውተር መሆኑን ያረጋግጡ ድህረ ገጻችንን ይጎብኙ  ቴሌግራም ቻናላችንን ይቀላቀሉ,"['ለአጭር', 'መልእክት', 'ይደዉሉ', 'አድራሻ', 'መገናኛ', 'ማራቶን', 'የ', 'ገበያ', 'ማእከል', 'በ', 'ዋናው', 'መግቢያ', 'መሬት', 'ላይ', 'ወይንም', 'ግራውንድ', 'ፍሎር', 'ብቅ', 'ይበሉ', 'ነቫ', 'ኮምፒውተር', 'መሆኑን', 'ያረጋግጡ', 'ድህረ', 'ገጻችንን', 'ይጎብኙ', 'ቴሌግራም', 'ቻናላችንን', 'ይቀላቀሉ']","['O', 'O', 'O', 'B-LOC', 'B-LOC', 'I-LOC', 'I-LOC', 'I-LOC', 'I-LOC', 'I-LOC', 'I-LOC', 'I-LOC', 'I-LOC', 'I-LOC', 'I-LOC', 'I-LOC', 'I-LOC', 'I-LOC', 'I-LOC', 'I-LOC', 'I-LOC', 'I-LOC', 'I-LOC', 'I-LOC', 'I-LOC', 'I-LOC', 'I-LOC', 'I-LOC', 'I-LOC']"
አድራሻ  መገናኛ ማራቶን የ ገበያ ማእከል በ ዋናው መግቢያ መሬት ላይ ወይንም ግራውንድ ፍሎር ብቅ ይበሉ ነቫ ኮምፒውተር መሆኑን ያረጋግጡ,"['አድራሻ', 'መገናኛ', 'ማራቶን', 'የ', 'ገበያ', 'ማእከል', 'በ', 'ዋናው', 'መግቢያ', 'መሬት', 'ላይ', 'ወይንም', 'ግራውንድ', 'ፍሎር', 'ብቅ', 'ይበሉ', 'ነቫ', 'ኮምፒውተር', 'መሆኑን', 'ያረጋግጡ']","['B-LOC', 'B-LOC', 'I-LOC', 'I-LOC', 'I-LOC', 'I-LOC', 'I-LOC', 'I-LOC', 'I-LOC', 'I-LOC', 'I-LOC', 'I-LOC', 'I-LOC', 'I-LOC', 'I-LOC', 'I-LOC', 'I-LOC', 'I-LOC', 'I-LOC', 'I-LOC']"
ለአጭር መልእክት ይደዉሉ   አድራሻ  መገናኛ ማራቶን የ ገበያ ማእከል በ ዋናው መግቢያ መሬት ላይ ወይንም ግራውንድ ፍሎር ብቅ ይበሉ ነቫ ኮምፒውተር መሆኑን ያረጋግጡ ድህረ ገጻችንን ይጎብኙ  ቴሌግራም ቻናላችንን ይቀላቀሉ,"['ለአጭር', 'መልእክት', 'ይደዉሉ', 'አድራሻ', 'መገናኛ', 'ማራቶን', 'የ', 'ገበያ', 'ማእከል', 'በ', 'ዋናው', 'መግቢያ', 'መሬት', 'ላይ', 'ወይንም', 'ግራውንድ', 'ፍሎር', 'ብቅ', 'ይበሉ', 'ነቫ', 'ኮምፒውተር', 'መሆኑን', 'ያረጋግጡ', 'ድህረ', 'ገጻችንን', 'ይጎብኙ', 'ቴሌግራም', 'ቻናላችንን', 'ይቀላቀሉ']","['O', 'O', 'O', 'B-LOC', 'B-LOC', 'I-LOC', 'I-LOC', 'I-LOC', 'I-LOC', 'I-LOC', 'I-LOC', 'I-LOC', 'I-LOC', 'I-LOC', 'I-LOC', 'I-LOC', 'I-LOC', 'I-LOC', 'I-LOC', 'I-LOC', 'I-LOC', 'I-LOC', 'I-LOC', 'I-LOC', 'I-LOC', 'I-LOC', 'I-LOC', 'I-LOC', 'I-LOC']"
ለመላዉ የክርስትና እምነት ተከታይ በሙሉ እንኳንለብርሃነ ትንሳኤዉ በሰላም አደረሳችሁመጪዉ ዘመን የሰላም የአንድነት የመተሳሰብና የበረከት እንዲሆንልን እንመኛለን,"['ለመላዉ', 'የክርስትና', 'እምነት', 'ተከታይ', 'በሙሉ', 'እንኳንለብርሃነ', 'ትንሳኤዉ', 'በሰላም', 'አደረሳችሁመጪዉ', 'ዘመን', 'የሰላም', 'የአንድነት', 'የመተሳሰብና', 'የበረከት', 'እንዲሆንልን', 'እንመኛለን']","['O', 'O', 'O', 'O', 'O', 'O', 'O', 'O', 'O', 'O', 'O', 'O', 'O', 'O', 'O', 'O']"
እስከዛ በ የልጆች ፖፖ ተነጥሎ ወጥቶ ሲንክ ላይ የሚቀመጥ ለልጆች ምቹ የሆነ ልዩ ዲዛይን የልጆዎን ደህንነት የሚጠብቅ ማይቀዘቅዝ እና የማይቆረቁር በጣም ጠንካራ ለማፅዳት አመቺ እና በቀላሉ የሚነቃቀል የተረጋገጠ የ አንድ ዓመት ዋስትና እንሰጣለን ይዘዙን ያሉበት ድረስ እናመጣለን በሚሊኒየም እና ኤግዚቢሽን ባዛር ያገኙናል የልጅ ልጅ ደስታ,"['እስከዛ', 'በ', 'የልጆች', 'ፖፖ', 'ተነጥሎ', 'ወጥቶ', 'ሲንክ', 'ላይ', 'የሚቀመጥ', 'ለልጆች', 'ምቹ', 'የሆነ', 'ልዩ', 'ዲዛይን', 'የልጆዎን', 'ደህንነት', 'የሚጠብቅ', 'ማይቀዘቅዝ', 'እና', 'የማይቆረቁር', 'በጣም', 'ጠንካራ', 'ለማፅዳት', 'አመቺ', 'እና', 'በቀላሉ', 'የሚነቃቀል', 'የተረጋገጠ', 'የ', 'አንድ', 'ዓመት', 'ዋስትና', 'እንሰጣለን', 'ይዘዙን', 'ያሉበት', 'ድረስ', 'እናመጣለን', 'በሚሊኒየም', 'እና', 'ኤግዚቢሽን', 'ባዛር', 'ያገኙናል', 'የልጅ', 'ልጅ', 'ደስታ']","['O', 'O', 'O', 'O', 'O', 'O', 'O', 'O', 'O', 'O', 'O', 'O', 'O', 'O', 'O', 'O', 'O', 'O', 'O', 'O', 'O', 'O', 'O', 'O', 'O', 'O', 'O', 'O', 'O', 'O', 'O', 'O', 'O', 'O', 'O', 'O', 'O', 'O', 'O', 'O', 'O', 'O', 'O', 'O', 'O']"
ለውድ ልጆዎ ስጦታ ከመነሻዬ ምንም አይነት ባትሪና ኤሌክትሪክ የማይፈልጉ የልጆች መኪና በተለያየ አይነት አማራጭ ለልጆችዎ የቀረቡ ማኗል ተሽከርካሪዎች ከመነሻዬ ልጆች በእግራቸው እንቅስቃሴን እንዲያደርጉ የሚያግዙ በ ፣ በፌራሪና በፖርሽ ካምፓኒዎች እውቅና የተሰጣቸው የልጆችን የአካል ጥንካሬ የሚያዳብሩ በጥራት የተመረቱና ለረዥም ጊዜ የሚያገለግሉ አድራሻ፦ ጉርድ ሾላ ሆሊ ሲቲ ሴንተር ኛ ፎቅ ይምጡ በመነሻዬ የልጅዎን መነሻ ያቅልሉ ይደውሉ ወይም ልጆች,"['ለውድ', 'ልጆዎ', 'ስጦታ', 'ከመነሻዬ', 'ምንም', 'አይነት', 'ባትሪና', 'ኤሌክትሪክ', 'የማይፈልጉ', 'የልጆች', 'መኪና', 'በተለያየ', 'አይነት', 'አማራጭ', 'ለልጆችዎ', 'የቀረቡ', 'ማኗል', 'ተሽከርካሪዎች', 'ከመነሻዬ', 'ልጆች', 'በእግራቸው', 'እንቅስቃሴን', 'እንዲያደርጉ', 'የሚያግዙ', 'በ', '፣', 'በፌራሪና', 'በፖርሽ', 'ካምፓኒዎች', 'እውቅና', 'የተሰጣቸው', 'የልጆችን', 'የአካል', 'ጥንካሬ', 'የሚያዳብሩ', 'በጥራት', 'የተመረቱና', 'ለረዥም', 'ጊዜ', 'የሚያገለግሉ', 'አድራሻ፦', 'ጉርድ', 'ሾላ', 'ሆሊ', 'ሲቲ', 'ሴንተር', 'ኛ', 'ፎቅ', 'ይምጡ', 'በመነሻዬ', 'የልጅዎን', 'መነሻ', 'ያቅልሉ', 'ይደውሉ', 'ወይም', 'ልጆች']","['O', 'O', 'O', 'O', 'O', 'O', 'O', 'O', 'O', 'O', 'O', 'O', 'O', 'O', 'O', 'O', 'O', 'O', 'O', 'O', 'O', 'O', 'O', 'O', 'O', 'O', 'O', 'O', 'O', 'O', 'O', 'O', 'O', 'O', 'O', 'O', 'O', 'O', 'O', 'O', 'O', 'O', 'O', 'O', 'O', 'O', 'O', 'B-LOC', 'I-LOC', 'I-LOC', 'I-LOC', 'I-LOC', 'I-LOC', 'I-LOC', 'I-LOC', 'I-LOC']"
መነሻዬ ድክድክ ባለድምጽ የልጆች መመሪያ በአማርኛና በእንግሊዝኛ መማሪያ ካርዶች ያሉት ለበለጠ መረጃ ከታች ያለውን ድህረ ገጽ ይጫኑ  ይደውሉ ወይም ያሉበት እንደርሳለን አዳዲስ ምርቶችን ከፈለጉ ቴሌግራም ቻናላችንን በመቀላቀል ቤተሰብ ይሁኑ,"['መነሻዬ', 'ድክድክ', 'ባለድምጽ', 'የልጆች', 'መመሪያ', 'በአማርኛና', 'በእንግሊዝኛ', 'መማሪያ', 'ካርዶች', 'ያሉት', 'ለበለጠ', 'መረጃ', 'ከታች', 'ያለውን', 'ድህረ', 'ገጽ', 'ይጫኑ', 'ይደውሉ', 'ወይም', 'ያሉበት', 'እንደርሳለን', 'አዳዲስ', 'ምርቶችን', 'ከፈለጉ', 'ቴሌግራም', 'ቻናላችንን', 'በመቀላቀል', 'ቤተሰብ', 'ይሁኑ']","['O', 'O', 'O', 'O', 'O', 'O', 'O', 'O', 'O', 'O', 'O', 'O', 'O', 'O', 'O', 'O', 'O', 'O', 'O', 'O', 'O', 'O', 'O', 'O', 'O', 'O', 'O', 'O', 'O']"
የገላግሌ እህት ብራድ የሆነው ከራስ በላይ ችግር ፈቺ የሆኑ የግል ምቾትን እና ደህንነትን የሚጠብቁ ምርቶችን በቅርቡ ያቀርባል ። ወድ የገላግሌ እና የመነሻዬ ደንበኞቻችን ከራስ በላይ ምርቶችን በቀላሉ እንዲያገኙ ከዚህ በታች ባስቀመጥንልዎ ማስፈንጠሪያ ተጠቅመው ድረ ገጻችን ይቀላቀሉ ።,"['የገላግሌ', 'እህት', 'ብራድ', 'የሆነው', 'ከራስ', 'በላይ', 'ችግር', 'ፈቺ', 'የሆኑ', 'የግል', 'ምቾትን', 'እና', 'ደህንነትን', 'የሚጠብቁ', 'ምርቶችን', 'በቅርቡ', 'ያቀርባል', '።', 'ወድ', 'የገላግሌ', 'እና', 'የመነሻዬ', 'ደንበኞቻችን', 'ከራስ', 'በላይ', 'ምርቶችን', 'በቀላሉ', 'እንዲያገኙ', 'ከዚህ', 'በታች', 'ባስቀመጥንልዎ', 'ማስፈንጠሪያ', 'ተጠቅመው', 'ድረ', 'ገጻችን', 'ይቀላቀሉ', '።']","['O', 'O', 'O', 'O', 'O', 'O', 'O', 'O', 'O', 'O', 'O', 'O', 'O', 'O', 'O', 'O', 'O', 'O', 'O', 'O', 'O', 'O', 'O', 'O', 'O', 'O', 'O', 'O', 'O', 'O', 'O', 'O', 'O', 'O', 'O', 'O', 'O']"
ውድ የገላግሌ ደንበኞቻችን እንኳን ለዓረፋ በዓል በሰላም አደረሳችሁ። በዓሉ የሰላም ፣ የጤና ፣ የፍቅር እንዲሆን የምንመኝልዎ ተወዳጆቹንና አዳዲሶቹን የገላግሌ ምርቶች በማቅረብ ጭምር ነው። በ የሚዘረጋ ሶፋና ፋራሽ ፣ የኤሌክትሪክ መጥበሻ ፣ በማኑዋልና በኤሌክትሪክ የሚሰሩ መፍጫዎችና የተለያዩ የፅዳት እቃዎችን ከኛ ዘንድ በብዛትም በጥራትም ያገኟቸዋል። በገላግሌ ምርቶች ስራዎን ያቅልሉ ፤ ኑሮዎን ያዘምኑ መልካም በዓል,"['ውድ', 'የገላግሌ', 'ደንበኞቻችን', 'እንኳን', 'ለዓረፋ', 'በዓል', 'በሰላም', 'አደረሳችሁ።', 'በዓሉ', 'የሰላም', '፣', 'የጤና', '፣', 'የፍቅር', 'እንዲሆን', 'የምንመኝልዎ', 'ተወዳጆቹንና', 'አዳዲሶቹን', 'የገላግሌ', 'ምርቶች', 'በማቅረብ', 'ጭምር', 'ነው።', 'በ', 'የሚዘረጋ', 'ሶፋና', 'ፋራሽ', '፣', 'የኤሌክትሪክ', 'መጥበሻ', '፣', 'በማኑዋልና', 'በኤሌክትሪክ', 'የሚሰሩ', 'መፍጫዎችና', 'የተለያዩ', 'የፅዳት', 'እቃዎችን', 'ከኛ', 'ዘንድ', 'በብዛትም', 'በጥራትም', 'ያገኟቸዋል።', 'በገላግሌ', 'ምርቶች', 'ስራዎን', 'ያቅልሉ', '፤', 'ኑሮዎን', 'ያዘምኑ', 'መልካም', 'በዓል']","['O', 'O', 'O', 'O', 'O', 'O', 'O', 'O', 'O', 'O', 'O', 'O', 'O', 'O', 'O', 'O', 'O', 'O', 'O', 'O', 'O', 'O', 'O', 'O', 'O', 'O', 'O', 'O', 'O', 'O', 'O', 'O', 'O', 'O', 'O', 'O', 'O', 'O', 'O', 'O', 'O', 'O', 'O', 'O', 'O', 'O', 'O', 'O', 'O', 'O', 'O', 'O']"
የሚዘረጋ ሶፋ የቤተሰብ ባለውለታ ከማረፊያ እስከ መተኛ ስትፈልጉ አልጋ የምታደርጉት ሁሌም አዲስ የማይረግብ የማይሟሽሽ ከተረጋገጠ ሶስት አመት ዋስትና ጋር ይዘዙን ያሉበት ድረስ እናመጣለን ገላግሌ,"['የሚዘረጋ', 'ሶፋ', 'የቤተሰብ', 'ባለውለታ', 'ከማረፊያ', 'እስከ', 'መተኛ', 'ስትፈልጉ', 'አልጋ', 'የምታደርጉት', 'ሁሌም', 'አዲስ', 'የማይረግብ', 'የማይሟሽሽ', 'ከተረጋገጠ', 'ሶስት', 'አመት', 'ዋስትና', 'ጋር', 'ይዘዙን', 'ያሉበት', 'ድረስ', 'እናመጣለን', 'ገላግሌ']","['O', 'O', 'O', 'O', 'O', 'O', 'O', 'O', 'O', 'O', 'O', 'O', 'O', 'O', 'O', 'O', 'O', 'O', 'O', 'O', 'O', 'O', 'O', 'O']"
ይህ ሶፋ እኮ ነው ሲዘረጋ ፍራሽ የሚሆነው ከሶስት አመት ዋስትና ጋር ስለምርቱ ማብራሪያ ከፈለጉ ከታች ያለውን ይጫኑ ገላግሌ ሶፋ ፋራሽ,"['ይህ', 'ሶፋ', 'እኮ', 'ነው', 'ሲዘረጋ', 'ፍራሽ', 'የሚሆነው', 'ከሶስት', 'አመት', 'ዋስትና', 'ጋር', 'ስለምርቱ', 'ማብራሪያ', 'ከፈለጉ', 'ከታች', 'ያለውን', 'ይጫኑ', 'ገላግሌ', 'ሶፋ', 'ፋራሽ']","['O', 'O', 'O', 'O', 'O', 'O', 'O', 'O', 'O', 'O', 'O', 'O', 'O', 'O', 'O', 'O', 'O', 'O', 'O', 'O']"
የልጆች ደህንነት መጠበቂያ አድራሻ፦ ጉርድ ሾላ ሆሊ ሲቲ ሴንተር ኛ ፎቅ ይምጡ በመነሻዬ የልጅዎን መነሻ ያቅልሉ ይደውሉ ወይም,"['የልጆች', 'ደህንነት', 'መጠበቂያ', 'አድራሻ፦', 'ጉርድ', 'ሾላ', 'ሆሊ', 'ሲቲ', 'ሴንተር', 'ኛ', 'ፎቅ', 'ይምጡ', 'በመነሻዬ', 'የልጅዎን', 'መነሻ', 'ያቅልሉ', 'ይደውሉ', 'ወይም']","['O', 'O', 'O', 'O', 'O', 'O', 'O', 'O', 'O', 'O', 'B-LOC', 'I-LOC', 'I-LOC', 'I-LOC', 'I-LOC', 'I-LOC', 'I-LOC', 'I-LOC']"
ገላግሌ የልጆች ምግብ መስሪያ የልጆችን ልብ የሚያሸንፍ፣ የእናትን ጊዜ የሚቆጥብ ይቀቅላልይፈጫልያልማልፀረብክለትበራሱ የሚፀዳ ከፍተኛ ጉልበት ስላለው በፍጥነት ምግብ ያዘጋጃል የራሱ ሰአት መቆጣጠሪያ ያለው የተረጋገጠ የ አንድ ዓመት ዋስትና እንሰጣለን ይዘዙን ያሉበት ድረስ እናመጣለን  ውድ ደንበኛችን በስራችን ላይ ሀሳብ እና አስተያየት ካለዎት በዚህ ስልክ ደዉለዉ ያሳዉቁን። የልጆች,"['ገላግሌ', 'የልጆች', 'ምግብ', 'መስሪያ', 'የልጆችን', 'ልብ', 'የሚያሸንፍ፣', 'የእናትን', 'ጊዜ', 'የሚቆጥብ', 'ይቀቅላልይፈጫልያልማልፀረብክለትበራሱ', 'የሚፀዳ', 'ከፍተኛ', 'ጉልበት', 'ስላለው', 'በፍጥነት', 'ምግብ', 'ያዘጋጃል', 'የራሱ', 'ሰአት', 'መቆጣጠሪያ', 'ያለው', 'የተረጋገጠ', 'የ', 'አንድ', 'ዓመት', 'ዋስትና', 'እንሰጣለን', 'ይዘዙን', 'ያሉበት', 'ድረስ', 'እናመጣለን', 'ውድ', 'ደንበኛችን', 'በስራችን', 'ላይ', 'ሀሳብ', 'እና', 'አስተያየት', 'ካለዎት', 'በዚህ', 'ስልክ', 'ደዉለዉ', 'ያሳዉቁን።', 'የልጆች']","['O', 'O', 'O', 'O', 'O', 'O', 'O', 'O', 'O', 'O', 'O', 'O', 'O', 'O', 'O', 'O', 'O', 'O', 'O', 'O', 'O', 'O', 'O', 'O', 'O', 'O', 'O', 'O', 'O', 'O', 'O', 'O', 'O', 'O', 'O', 'O', 'O', 'O', 'O', 'O', 'O', 'B-PRODUCT', 'I-PRODUCT', 'I-PRODUCT', 'I-PRODUCT']"
ለረጅም አመት በትምህርት ያገለገሉ ባለሙያዎች ስለ መነሻዬ ምን ይላሉ ይደውሉልን ለልጆዎ ትምርታዊ የሆነ መጫወቻ ከፈለጉ የመነሻዬ ቴሌግራም ይቀላቀሉ መነሻዬ,"['ለረጅም', 'አመት', 'በትምህርት', 'ያገለገሉ', 'ባለሙያዎች', 'ስለ', 'መነሻዬ', 'ምን', 'ይላሉ', 'ይደውሉልን', 'ለልጆዎ', 'ትምርታዊ', 'የሆነ', 'መጫወቻ', 'ከፈለጉ', 'የመነሻዬ', 'ቴሌግራም', 'ይቀላቀሉ', 'መነሻዬ']","['O', 'O', 'O', 'O', 'O', 'O', 'O', 'O', 'O', 'O', 'O', 'O', 'O', 'O', 'O', 'O', 'O', 'O', 'O']"
በዓልን ምክንያት በማድረግ ሶስቱን በማይታመን ዋጋ በ ብር ብቻ በራሱ የሚጨነቅ መወልወያ ምንጣፍ መጥረጊያ የመስታወት መወልወያ ታላቅ ቅናሽ በ ብር ብቻ የተረጋገጠ የ አንድ ዓመት ዋስትና እንሰጣለን የማህበራዊ ሚዲያ ገፆቻችንን ይጎብኙ፦ ይዘዙን ያሉበት እናደርሳለን ከላይ ያለው ስልክ ካልተነሳ ወይም ለአስተያየት ይደውሉልን የተረጋገጠ የአንድ አመት ዋስትና እንሰጣለን ገላግሌ,"['በዓልን', 'ምክንያት', 'በማድረግ', 'ሶስቱን', 'በማይታመን', 'ዋጋ', 'በ', 'ብር', 'ብቻ', 'በራሱ', 'የሚጨነቅ', 'መወልወያ', 'ምንጣፍ', 'መጥረጊያ', 'የመስታወት', 'መወልወያ', 'ታላቅ', 'ቅናሽ', 'በ', 'ብር', 'ብቻ', 'የተረጋገጠ', 'የ', 'አንድ', 'ዓመት', 'ዋስትና', 'እንሰጣለን', 'የማህበራዊ', 'ሚዲያ', 'ገፆቻችንን', 'ይጎብኙ፦', 'ይዘዙን', 'ያሉበት', 'እናደርሳለን', 'ከላይ', 'ያለው', 'ስልክ', 'ካልተነሳ', 'ወይም', 'ለአስተያየት', 'ይደውሉልን', 'የተረጋገጠ', 'የአንድ', 'አመት', 'ዋስትና', 'እንሰጣለን', 'ገላግሌ']","['O', 'O', 'O', 'O', 'O', 'O', 'O', 'O', 'O', 'O', 'O', 'O', 'O', 'O', 'O', 'O', 'O', 'O', 'O', 'O', 'O', 'O', 'O', 'O', 'O', 'O', 'O', 'O', 'O', 'O', 'O', 'O', 'O', 'O', 'O', 'O', 'B-PRODUCT', 'I-PRODUCT', 'I-PRODUCT', 'I-PRODUCT', 'I-PRODUCT', 'I-PRODUCT', 'I-PRODUCT', 'I-PRODUCT', 'I-PRODUCT', 'I-PRODUCT', 'I-PRODUCT']"
ገላግሌ የልጆች ምግብ መስሪያ ይህን ያህል ቀሏል ይቀቅላልይፈጫልያልማልፀረብክለትበራሱ የሚፀዳ ከፍተኛ ጉልበት ስላለው በፍጥነት ምግብ ያዘጋጃል የራሱ ሰአት መቆጣጠሪያ ያለው የተረጋገጠ የ አንድ ዓመት ዋስትና እንሰጣለን ይዘዙን ያሉበት ድረስ እናመጣለን  ውድ ደንበኛችን በስራችን ላይ ሀሳብ እና አስተያየት ካለዎት በዚህ ስልክ ደዉለዉ ያሳዉቁን። የልጆች,"['ገላግሌ', 'የልጆች', 'ምግብ', 'መስሪያ', 'ይህን', 'ያህል', 'ቀሏል', 'ይቀቅላልይፈጫልያልማልፀረብክለትበራሱ', 'የሚፀዳ', 'ከፍተኛ', 'ጉልበት', 'ስላለው', 'በፍጥነት', 'ምግብ', 'ያዘጋጃል', 'የራሱ', 'ሰአት', 'መቆጣጠሪያ', 'ያለው', 'የተረጋገጠ', 'የ', 'አንድ', 'ዓመት', 'ዋስትና', 'እንሰጣለን', 'ይዘዙን', 'ያሉበት', 'ድረስ', 'እናመጣለን', 'ውድ', 'ደንበኛችን', 'በስራችን', 'ላይ', 'ሀሳብ', 'እና', 'አስተያየት', 'ካለዎት', 'በዚህ', 'ስልክ', 'ደዉለዉ', 'ያሳዉቁን።', 'የልጆች']","['O', 'O', 'O', 'O', 'O', 'O', 'O', 'O', 'O', 'O', 'O', 'O', 'O', 'O', 'O', 'O', 'O', 'O', 'O', 'O', 'O', 'O', 'O', 'O', 'O', 'O', 'O', 'O', 'O', 'O', 'O', 'O', 'O', 'O', 'O', 'O', 'O', 'O', 'B-PRODUCT', 'I-PRODUCT', 'I-PRODUCT', 'I-PRODUCT']"
የልጄን የስክሪን ሰአት እንዴት ልገድብ ይህ የልጆች ጉዳይ ነው ከታች ያለውን ማስፈንጠሪያ ይጫኑ,"['የልጄን', 'የስክሪን', 'ሰአት', 'እንዴት', 'ልገድብ', 'ይህ', 'የልጆች', 'ጉዳይ', 'ነው', 'ከታች', 'ያለውን', 'ማስፈንጠሪያ', 'ይጫኑ']","['O', 'O', 'O', 'O', 'O', 'O', 'O', 'O', 'O', 'O', 'O', 'O', 'O']"
የሂሳብ ሊቅ መነሻ ጥቅል የአለም ቋንቋ ከቻሉ እዳዉ ገብስ ነው ቁጥርን ከመቁጠር ጀምሮ ሂሳብን በቀላሉ የሚማሩበት ለበለጠ መረጃ ከታች ያለውን ማስፈንጠሪያ ይጫኑ  ይደውሉ ወይም ያሉበት እንደርሳለን,"['የሂሳብ', 'ሊቅ', 'መነሻ', 'ጥቅል', 'የአለም', 'ቋንቋ', 'ከቻሉ', 'እዳዉ', 'ገብስ', 'ነው', 'ቁጥርን', 'ከመቁጠር', 'ጀምሮ', 'ሂሳብን', 'በቀላሉ', 'የሚማሩበት', 'ለበለጠ', 'መረጃ', 'ከታች', 'ያለውን', 'ማስፈንጠሪያ', 'ይጫኑ', 'ይደውሉ', 'ወይም', 'ያሉበት', 'እንደርሳለን']","['O', 'O', 'O', 'O', 'O', 'O', 'O', 'O', 'O', 'O', 'O', 'O', 'O', 'O', 'O', 'O', 'O', 'O', 'O', 'O', 'O', 'O', 'O', 'O', 'O', 'O']"
የልጆዎን መነሻ ማደላደል ለሚፈልግ ወላጅ,"['የልጆዎን', 'መነሻ', 'ማደላደል', 'ለሚፈልግ', 'ወላጅ']","['O', 'O', 'O', 'O', 'O']"
ቱን በአንድ ላይ  ምንጣፍ መጥረጊያ እና መስታወት ማፅጃ በ ምንጣፍ መጥረጊያ እና መስታወት ማፅጃ ሁለቱን በአንድ ላይ መሰታወት ማፅጃ ለእንከን አልባ ፅዳት ያለ ኤሌክትሪክ ፈር ላለውም ለሌለውም የሚሆን ደቃቅ ቆሻሻዎችን ሳያስቀር ልቅ ም አድርጎ የሚያፀዳ የተረጋገጠ የ አንድ ዓመት ዋስትና እንሰጣለን ሁለቱን በአንድ ላይ አድራሻ ፦ ጉርድ ሾላ ሆሊ ሲቲ ሴንተር ኛ ፎቅ ፒያሳ ካንትሪ ታወር ኛ ፎቅ፤ ጀሞ ደሊና ህንፃ ምድር ላይ ውልና ማስረጃ ያለበት ህንፃ ገርጂ መብራት ሃይል ፋውንቴን ህንፃ ፊት ለፊት ገላግሌ,"['ቱን', 'በአንድ', 'ላይ', 'ምንጣፍ', 'መጥረጊያ', 'እና', 'መስታወት', 'ማፅጃ', 'በ', 'ምንጣፍ', 'መጥረጊያ', 'እና', 'መስታወት', 'ማፅጃ', 'ሁለቱን', 'በአንድ', 'ላይ', 'መሰታወት', 'ማፅጃ', 'ለእንከን', 'አልባ', 'ፅዳት', 'ያለ', 'ኤሌክትሪክ', 'ፈር', 'ላለውም', 'ለሌለውም', 'የሚሆን', 'ደቃቅ', 'ቆሻሻዎችን', 'ሳያስቀር', 'ልቅ', 'ም', 'አድርጎ', 'የሚያፀዳ', 'የተረጋገጠ', 'የ', 'አንድ', 'ዓመት', 'ዋስትና', 'እንሰጣለን', 'ሁለቱን', 'በአንድ', 'ላይ', 'አድራሻ', '፦', 'ጉርድ', 'ሾላ', 'ሆሊ', 'ሲቲ', 'ሴንተር', 'ኛ', 'ፎቅ', 'ፒያሳ', 'ካንትሪ', 'ታወር', 'ኛ', 'ፎቅ፤', 'ጀሞ', 'ደሊና', 'ህንፃ', 'ምድር', 'ላይ', 'ውልና', 'ማስረጃ', 'ያለበት', 'ህንፃ', 'ገርጂ', 'መብራት', 'ሃይል', 'ፋውንቴን', 'ህንፃ', 'ፊት', 'ለፊት', 'ገላግሌ']","['O', 'O', 'O', 'O', 'O', 'O', 'O', 'O', 'O', 'O', 'O', 'O', 'O', 'O', 'O', 'O', 'O', 'O', 'O', 'O', 'O', 'O', 'O', 'O', 'O', 'O', 'O', 'O', 'O', 'O', 'O', 'O', 'O', 'O', 'O', 'O', 'O', 'O', 'O', 'O', 'O', 'O', 'O', 'O', 'B-LOC', 'I-LOC', 'I-LOC', 'I-LOC', 'I-LOC', 'I-LOC', 'I-LOC', 'I-LOC', 'B-LOC', 'I-LOC', 'I-LOC', 'I-LOC', 'I-LOC', 'I-LOC', 'I-LOC', 'I-LOC', 'I-LOC', 'I-LOC', 'I-LOC', 'I-LOC', 'I-LOC', 'I-LOC', 'I-LOC', 'I-LOC', 'I-LOC', 'I-LOC', 'I-LOC', 'I-LOC', 'I-LOC', 'I-LOC', 'I-LOC']"
ድክዬ ባለ ድምፅ የህፃናት መመሪያ ልጆችዎ ድክ ድክ ብለው ንግግር ይጀምሩ ድክዬ ድክዬ ድክ ድክዬ ሰምቼ ማልጠግባት ውብ መማሪያዬ የመጀመሪያ ደረጃ ባለድምፅ የልጆች መማሪያ በአማርኛ እና በእንግሊዘኛ ቋንቋ ትምህርት ቤት ላልገቡ ቤት ውስጥ ለተቀመጡ ህፃን ተመራጭ በቻርጅም በባትሪም የሚሰራ ሲሆን ወደተፈለገው ቦታ ይዞ ለመንቀሳቀስ ምቹ። የመነሻዬ ድክድክ ማብራሪያ ከነ ዋጋ ለማወቅ ከታች ያለውን መስፈንጠሪያ ይጫኑ  ይደውሉ ወይም ያሉበት እንደርሳለን  አድራሻ፦ ጉርድ ሾላ ሆሊ ሲቲ ሴንተር ፤ ፒያሳ ካንትሪ ታወር ፤ ጀሞ ደሊና ሞል ፤ ገርጂ ከፋውንቴን ህንፃ ፊት ለፊት ውድ ደንበኛችን በስራችን ላይ ሀሳብ እና አስተያየት ካለዎት ብቻ በዚህ ስልክ ደዉለዉ ያሳዉቁን። መነሻዬገላግሌ መነሻዬ ድክድክ,"['ድክዬ', 'ባለ', 'ድምፅ', 'የህፃናት', 'መመሪያ', 'ልጆችዎ', 'ድክ', 'ድክ', 'ብለው', 'ንግግር', 'ይጀምሩ', 'ድክዬ', 'ድክዬ', 'ድክ', 'ድክዬ', 'ሰምቼ', 'ማልጠግባት', 'ውብ', 'መማሪያዬ', 'የመጀመሪያ', 'ደረጃ', 'ባለድምፅ', 'የልጆች', 'መማሪያ', 'በአማርኛ', 'እና', 'በእንግሊዘኛ', 'ቋንቋ', 'ትምህርት', 'ቤት', 'ላልገቡ', 'ቤት', 'ውስጥ', 'ለተቀመጡ', 'ህፃን', 'ተመራጭ', 'በቻርጅም', 'በባትሪም', 'የሚሰራ', 'ሲሆን', 'ወደተፈለገው', 'ቦታ', 'ይዞ', 'ለመንቀሳቀስ', 'ምቹ።', 'የመነሻዬ', 'ድክድክ', 'ማብራሪያ', 'ከነ', 'ዋጋ', 'ለማወቅ', 'ከታች', 'ያለውን', 'መስፈንጠሪያ', 'ይጫኑ', 'ይደውሉ', 'ወይም', 'ያሉበት', 'እንደርሳለን', 'አድራሻ፦', 'ጉርድ', 'ሾላ', 'ሆሊ', 'ሲቲ', 'ሴንተር', '፤', 'ፒያሳ', 'ካንትሪ', 'ታወር', '፤', 'ጀሞ', 'ደሊና', 'ሞል', '፤', 'ገርጂ', 'ከፋውንቴን', 'ህንፃ', 'ፊት', 'ለፊት', 'ውድ', 'ደንበኛችን', 'በስራችን', 'ላይ', 'ሀሳብ', 'እና', 'አስተያየት', 'ካለዎት', 'ብቻ', 'በዚህ', 'ስልክ', 'ደዉለዉ', 'ያሳዉቁን።', 'መነሻዬገላግሌ', 'መነሻዬ', 'ድክድክ']","['O', 'O', 'O', 'O', 'O', 'O', 'O', 'O', 'O', 'O', 'O', 'O', 'O', 'O', 'O', 'O', 'O', 'O', 'O', 'O', 'O', 'O', 'O', 'O', 'O', 'O', 'O', 'O', 'O', 'O', 'O', 'O', 'O', 'O', 'O', 'O', 'O', 'O', 'O', 'O', 'O', 'O', 'O', 'O', 'O', 'O', 'O', 'O', 'O', 'O', 'O', 'O', 'O', 'O', 'O', 'O', 'O', 'O', 'O', 'O', 'O', 'O', 'O', 'O', 'O', 'O', 'O', 'O', 'O', 'O', 'O', 'O', 'O', 'O', 'O', 'O', 'O', 'O', 'O', 'O', 'O', 'O', 'O', 'O', 'O', 'O', 'O', 'O', 'O', 'B-PRODUCT', 'I-PRODUCT', 'I-PRODUCT', 'I-PRODUCT', 'I-PRODUCT', 'I-PRODUCT']"
ልጆቼ ትምህርት እንዲወዱ ምን ላድርግ ይህ የልጆች ጉዳይ ነው ከታች ያለውን ማስፈንጠሪያ ይጫኑ,"['ልጆቼ', 'ትምህርት', 'እንዲወዱ', 'ምን', 'ላድርግ', 'ይህ', 'የልጆች', 'ጉዳይ', 'ነው', 'ከታች', 'ያለውን', 'ማስፈንጠሪያ', 'ይጫኑ']","['O', 'O', 'O', 'O', 'O', 'O', 'O', 'O', 'O', 'O', 'O', 'O', 'O']"
የቀለሜ መነሻ ጥቅል በዉስጡ ባለድምጽ መማሪያ ፓድ፤ መነሻዬ ኤሌክትሮኒክ ሰሌዳ ፤ልጆች ደጋግመው የሚፅፉበት ፤ የፃፉትን በቀላሉ የሚያጠፉበትን መጽሀፍቶችን ያካተተ ነዉ። ለበለጠ ለማወቅ ከታች ያለውን ሊንክ ይጫኑ  መነሻዬ ቀለሜጥቅል,"['የቀለሜ', 'መነሻ', 'ጥቅል', 'በዉስጡ', 'ባለድምጽ', 'መማሪያ', 'ፓድ፤', 'መነሻዬ', 'ኤሌክትሮኒክ', 'ሰሌዳ', '፤ልጆች', 'ደጋግመው', 'የሚፅፉበት', '፤', 'የፃፉትን', 'በቀላሉ', 'የሚያጠፉበትን', 'መጽሀፍቶችን', 'ያካተተ', 'ነዉ።', 'ለበለጠ', 'ለማወቅ', 'ከታች', 'ያለውን', 'ሊንክ', 'ይጫኑ', 'መነሻዬ', 'ቀለሜጥቅል']","['O', 'O', 'O', 'O', 'O', 'O', 'O', 'O', 'O', 'O', 'O', 'O', 'O', 'O', 'O', 'O', 'O', 'O', 'O', 'O', 'O', 'O', 'O', 'O', 'O', 'O', 'O', 'O']"
ስለምርቱ እኛ ሳንሆን የተጠቀሙበት መስክረውለታል የልጆች ጠረቤዛ ከነወንበር በጣም ጠንካራ ማንጠልጠያ ያለው በፈለጉት መጠን ከፍ ዝቅ የሚያረጉት የራሱ መሳቢያ ያለው ከላይ የተገጠመለት መጽሐፍ ማስቀመጫ ያለው እያዩ እንዲጽፉ የሚያስችላቸው ይዘዙን ያሉበት እናደርሳለን የመነሻዬ ቴሌግራም ቻናል ይቀላቀሉ,"['ስለምርቱ', 'እኛ', 'ሳንሆን', 'የተጠቀሙበት', 'መስክረውለታል', 'የልጆች', 'ጠረቤዛ', 'ከነወንበር', 'በጣም', 'ጠንካራ', 'ማንጠልጠያ', 'ያለው', 'በፈለጉት', 'መጠን', 'ከፍ', 'ዝቅ', 'የሚያረጉት', 'የራሱ', 'መሳቢያ', 'ያለው', 'ከላይ', 'የተገጠመለት', 'መጽሐፍ', 'ማስቀመጫ', 'ያለው', 'እያዩ', 'እንዲጽፉ', 'የሚያስችላቸው', 'ይዘዙን', 'ያሉበት', 'እናደርሳለን', 'የመነሻዬ', 'ቴሌግራም', 'ቻናል', 'ይቀላቀሉ']","['O', 'O', 'O', 'O', 'O', 'O', 'O', 'O', 'O', 'O', 'O', 'O', 'O', 'O', 'O', 'O', 'O', 'O', 'O', 'O', 'O', 'O', 'B-PRODUCT', 'I-PRODUCT', 'I-PRODUCT', 'I-PRODUCT', 'I-PRODUCT', 'I-PRODUCT', 'I-PRODUCT', 'I-PRODUCT', 'I-PRODUCT', 'I-PRODUCT', 'I-PRODUCT', 'I-PRODUCT', 'I-PRODUCT']"
ይህ የሁሉም ቤት ችግር ነው  የበርካታ ቤቶች እውነት ነው ደግሞ ደጋግሞ ግርግዳውን ማጽዳት እና እንደገና መቀባት እንዲቀር መፍትሔው ልጆችን ግድግዳ ላይ መጻፍ የሚያስረሳ ጥቅል ከመነሻዬ ያገኛሉ። ኤሌክትሮኒክ ሰሌዳ፣ በ ሰሌዳ ፣ መጽሀፍት ልጆች እዛው ላይ እየፃፉና እያጠፉ እየተዝናኑ የሚለማመዱባቸው በተጨማሪም ባለ ድምፅ መማሪያ መነሻዬ ፓድ፣ የሰዓት መማሪያ ቦርድ ሁሉንም በአንድ ላይ የያዘ ጥቅል በአንድ ድንጋይ እንዲሉ ማለት ይህ አይደል መነሻዬ ልጆችዎ የማንበብ ፣ መፃፍ ፣ ማዳመጥ እና ማንበብ ችሎታቸውን በተቀናጀ መልኩ በምስል ፣ በድምፅና በተግባር የሚለማመዱበትን አስደናቂ ጥቅል ለልጆችዎ  ለማዘዝ ይደውሉልን ገላግሌ,"['ይህ', 'የሁሉም', 'ቤት', 'ችግር', 'ነው', 'የበርካታ', 'ቤቶች', 'እውነት', 'ነው', 'ደግሞ', 'ደጋግሞ', 'ግርግዳውን', 'ማጽዳት', 'እና', 'እንደገና', 'መቀባት', 'እንዲቀር', 'መፍትሔው', 'ልጆችን', 'ግድግዳ', 'ላይ', 'መጻፍ', 'የሚያስረሳ', 'ጥቅል', 'ከመነሻዬ', 'ያገኛሉ።', 'ኤሌክትሮኒክ', 'ሰሌዳ፣', 'በ', 'ሰሌዳ', '፣', 'መጽሀፍት', 'ልጆች', 'እዛው', 'ላይ', 'እየፃፉና', 'እያጠፉ', 'እየተዝናኑ', 'የሚለማመዱባቸው', 'በተጨማሪም', 'ባለ', 'ድምፅ', 'መማሪያ', 'መነሻዬ', 'ፓድ፣', 'የሰዓት', 'መማሪያ', 'ቦርድ', 'ሁሉንም', 'በአንድ', 'ላይ', 'የያዘ', 'ጥቅል', 'በአንድ', 'ድንጋይ', 'እንዲሉ', 'ማለት', 'ይህ', 'አይደል', 'መነሻዬ', 'ልጆችዎ', 'የማንበብ', '፣', 'መፃፍ', '፣', 'ማዳመጥ', 'እና', 'ማንበብ', 'ችሎታቸውን', 'በተቀናጀ', 'መልኩ', 'በምስል', '፣', 'በድምፅና', 'በተግባር', 'የሚለማመዱበትን', 'አስደናቂ', 'ጥቅል', 'ለልጆችዎ', 'ለማዘዝ', 'ይደውሉልን', 'ገላግሌ']","['O', 'O', 'O', 'O', 'O', 'O', 'O', 'O', 'O', 'O', 'O', 'O', 'O', 'O', 'O', 'O', 'O', 'O', 'O', 'O', 'O', 'O', 'O', 'O', 'O', 'O', 'O', 'O', 'O', 'O', 'O', 'O', 'O', 'O', 'O', 'O', 'O', 'O', 'O', 'O', 'O', 'O', 'O', 'O', 'O', 'O', 'O', 'O', 'O', 'O', 'O', 'O', 'O', 'O', 'O', 'O', 'O', 'O', 'O', 'O', 'O', 'O', 'O', 'O', 'O', 'O', 'O', 'O', 'O', 'O', 'O', 'O', 'O', 'O', 'O', 'O', 'O', 'O', 'O', 'O', 'O', 'O']"
እስከዛ የልጆች ፖፖ ዳይፐር ወደዛ አለልኝ እስከዛ ለልጆች ምቹ የሆነ ልዩ ዲዛይን የልጆዎን ደህንነት የሚጠብቅ ማይቀዘቅዝ እና የማይቆረቁር በጣም ጠንካራ ለማፅዳት አመቺ እና በቀላሉ የሚነቃቀል የተረጋገጠ የ አንድ ዓመት ዋስትና እንሰጣለን ይዘዙን ያሉበት ድረስ እናመጣለን  ውድ ደንበኛችን በስራችን ላይ ሀሳብ እና አስተያየት ካለዎት በዚህ ስልክ ደዉለዉ ያሳዉቁን። አድራሻ ፦ ጉርድ ሾላ ሆሊ ሲቲ ሴንተር ኛ ፎቅ ፒያሳ ካንትሪ ታወር ኛ ፎቅ፤ ጀሞ ደሊና ህንፃ ምድር ላይ ውልና ማስረጃ ያለበት ህንፃ ገርጂ መብራት ሃይል ፋውንቴን ህንፃ ፊት ለፊት የተረጋገጠ የ አንድ ዓመት ዋስትና እንሰጣለን  ቲክቶክ ቻናል ወይም ፌስቡክ ገፃችንን ይጎብኙ ቲክቶክ  ፌስቡክ፡  ዌብሳይት፡ የልጅ ልጅ ደስታ,"['እስከዛ', 'የልጆች', 'ፖፖ', 'ዳይፐር', 'ወደዛ', 'አለልኝ', 'እስከዛ', 'ለልጆች', 'ምቹ', 'የሆነ', 'ልዩ', 'ዲዛይን', 'የልጆዎን', 'ደህንነት', 'የሚጠብቅ', 'ማይቀዘቅዝ', 'እና', 'የማይቆረቁር', 'በጣም', 'ጠንካራ', 'ለማፅዳት', 'አመቺ', 'እና', 'በቀላሉ', 'የሚነቃቀል', 'የተረጋገጠ', 'የ', 'አንድ', 'ዓመት', 'ዋስትና', 'እንሰጣለን', 'ይዘዙን', 'ያሉበት', 'ድረስ', 'እናመጣለን', 'ውድ', 'ደንበኛችን', 'በስራችን', 'ላይ', 'ሀሳብ', 'እና', 'አስተያየት', 'ካለዎት', 'በዚህ', 'ስልክ', 'ደዉለዉ', 'ያሳዉቁን።', 'አድራሻ', '፦', 'ጉርድ', 'ሾላ', 'ሆሊ', 'ሲቲ', 'ሴንተር', 'ኛ', 'ፎቅ', 'ፒያሳ', 'ካንትሪ', 'ታወር', 'ኛ', 'ፎቅ፤', 'ጀሞ', 'ደሊና', 'ህንፃ', 'ምድር', 'ላይ', 'ውልና', 'ማስረጃ', 'ያለበት', 'ህንፃ', 'ገርጂ', 'መብራት', 'ሃይል', 'ፋውንቴን', 'ህንፃ', 'ፊት', 'ለፊት', 'የተረጋገጠ', 'የ', 'አንድ', 'ዓመት', 'ዋስትና', 'እንሰጣለን', 'ቲክቶክ', 'ቻናል', 'ወይም', 'ፌስቡክ', 'ገፃችንን', 'ይጎብኙ', 'ቲክቶክ', 'ፌስቡክ፡', 'ዌብሳይት፡', 'የልጅ', 'ልጅ', 'ደስታ']","['O', 'O', 'O', 'O', 'O', 'O', 'O', 'O', 'O', 'O', 'O', 'O', 'O', 'O', 'O', 'O', 'O', 'O', 'O', 'O', 'O', 'O', 'O', 'O', 'O', 'O', 'O', 'O', 'O', 'O', 'O', 'O', 'O', 'O', 'O', 'O', 'O', 'O', 'O', 'O', 'O', 'O', 'O', 'O', 'B-PRODUCT', 'I-PRODUCT', 'I-PRODUCT', 'B-LOC', 'I-PRODUCT', 'I-PRODUCT', 'I-PRODUCT', 'I-PRODUCT', 'I-PRODUCT', 'I-PRODUCT', 'I-PRODUCT', 'B-LOC', 'I-PRODUCT', 'I-PRODUCT', 'I-PRODUCT', 'I-PRODUCT', 'I-PRODUCT', 'I-PRODUCT', 'I-PRODUCT', 'I-PRODUCT', 'I-PRODUCT', 'I-PRODUCT', 'I-PRODUCT', 'I-PRODUCT', 'I-PRODUCT', 'I-PRODUCT', 'I-PRODUCT', 'I-PRODUCT', 'I-PRODUCT', 'I-PRODUCT', 'I-PRODUCT', 'I-PRODUCT', 'I-PRODUCT', 'I-PRODUCT', 'I-PRODUCT', 'I-PRODUCT', 'I-PRODUCT', 'I-PRODUCT', 'I-PRODUCT', 'I-PRODUCT', 'I-PRODUCT', 'I-PRODUCT', 'I-PRODUCT', 'I-PRODUCT', 'I-PRODUCT', 'I-PRODUCT', 'I-PRODUCT', 'I-PRODUCT', 'I-PRODUCT', 'I-PRODUCT', 'I-PRODUCT']"
መነሻዬ ድክድክ ለልጆዎ አፍ ማስፈቻ የሚሆን እና አማርኛና እንግሊዘኛ በቀላሉ ማንበብና መፃፍ የሚያስችል ባለድምጽ የልጆች መመሪያ በአማርኛና በእንግሊዝኛ መማሪያ ካርዶች ያሉት ለበለጠ መረጃ ከታች ያለውን ድህረ ገጽ ይጫኑ  ይደውሉ ወይም ያሉበት እንደርሳለን አዳዲስ ምርቶችን ከፈለጉ ቴሌግራም ቻናላችንን በመቀላቀል ቤተሰብ ይሁኑ መነሻዬ,"['መነሻዬ', 'ድክድክ', 'ለልጆዎ', 'አፍ', 'ማስፈቻ', 'የሚሆን', 'እና', 'አማርኛና', 'እንግሊዘኛ', 'በቀላሉ', 'ማንበብና', 'መፃፍ', 'የሚያስችል', 'ባለድምጽ', 'የልጆች', 'መመሪያ', 'በአማርኛና', 'በእንግሊዝኛ', 'መማሪያ', 'ካርዶች', 'ያሉት', 'ለበለጠ', 'መረጃ', 'ከታች', 'ያለውን', 'ድህረ', 'ገጽ', 'ይጫኑ', 'ይደውሉ', 'ወይም', 'ያሉበት', 'እንደርሳለን', 'አዳዲስ', 'ምርቶችን', 'ከፈለጉ', 'ቴሌግራም', 'ቻናላችንን', 'በመቀላቀል', 'ቤተሰብ', 'ይሁኑ', 'መነሻዬ']","['O', 'O', 'O', 'O', 'O', 'O', 'O', 'O', 'O', 'O', 'O', 'O', 'O', 'O', 'O', 'O', 'O', 'O', 'O', 'O', 'O', 'O', 'O', 'O', 'O', 'O', 'O', 'O', 'O', 'O', 'O', 'O', 'O', 'O', 'O', 'O', 'O', 'O', 'O', 'O', 'O']"
በገላግሌ የስጋ መፍጫ በሁሉም ማጀት ሊኖር የሚገባ ለስጋ ለጨጓራ ለጎመን ክትፎ አቻ የማይገኝት ቤትዎ ሆነው ስጋን ያለ ኤሌክትሪክ ይፍጩ ዋጋ ብር የተረጋገጠ የ አንድ ዓመት ዋስትና እንሰጣለን ይዘዙን ያሉበት ድረስ እናመጣለን በሱቆቻችን እና በኤግዚቢሽን፤ ሚሊኒየምና በአዳማ ባዛር ያገኙናል  ውድ ደንበኛችን በስራችን ላይ ሀሳብ እና አስተያየት ካለዎት በዚህ ስልክ ደዉለዉ ያሳዉቁን። ቲክቶክ ቻናል ወይም ፌስቡክ ገፃችንን ይጎብኙ ቲክቶክ  ፌስቡክ፡  ዌብሳይት፡  ገላግሌ ስጋመፍጫ ገላግሌ ስጋ መፍጫ ክትፎ,"['በገላግሌ', 'የስጋ', 'መፍጫ', 'በሁሉም', 'ማጀት', 'ሊኖር', 'የሚገባ', 'ለስጋ', 'ለጨጓራ', 'ለጎመን', 'ክትፎ', 'አቻ', 'የማይገኝት', 'ቤትዎ', 'ሆነው', 'ስጋን', 'ያለ', 'ኤሌክትሪክ', 'ይፍጩ', 'ዋጋ', 'ብር', 'የተረጋገጠ', 'የ', 'አንድ', 'ዓመት', 'ዋስትና', 'እንሰጣለን', 'ይዘዙን', 'ያሉበት', 'ድረስ', 'እናመጣለን', 'በሱቆቻችን', 'እና', 'በኤግዚቢሽን፤', 'ሚሊኒየምና', 'በአዳማ', 'ባዛር', 'ያገኙናል', 'ውድ', 'ደንበኛችን', 'በስራችን', 'ላይ', 'ሀሳብ', 'እና', 'አስተያየት', 'ካለዎት', 'በዚህ', 'ስልክ', 'ደዉለዉ', 'ያሳዉቁን።', 'ቲክቶክ', 'ቻናል', 'ወይም', 'ፌስቡክ', 'ገፃችንን', 'ይጎብኙ', 'ቲክቶክ', 'ፌስቡክ፡', 'ዌብሳይት፡', 'ገላግሌ', 'ስጋመፍጫ', 'ገላግሌ', 'ስጋ', 'መፍጫ', 'ክትፎ']","['O', 'O', 'O', 'O', 'O', 'O', 'O', 'O', 'O', 'O', 'O', 'O', 'O', 'O', 'O', 'O', 'O', 'O', 'O', 'O', 'O', 'O', 'O', 'O', 'O', 'O', 'O', 'O', 'O', 'O', 'O', 'O', 'O', 'O', 'O', 'O', 'O', 'O', 'O', 'O', 'O', 'O', 'O', 'O', 'O', 'O', 'O', 'B-PRODUCT', 'I-PRODUCT', 'I-PRODUCT', 'I-PRODUCT', 'I-PRODUCT', 'I-PRODUCT', 'I-PRODUCT', 'I-PRODUCT', 'I-PRODUCT', 'I-PRODUCT', 'I-PRODUCT', 'I-PRODUCT', 'I-PRODUCT', 'I-PRODUCT', 'I-PRODUCT', 'I-PRODUCT', 'I-PRODUCT', 'I-PRODUCT']"
ሁሉንም በአንድ የያዘ የልጆች መጫወቻ ለበለጠ መረጃ ከታች ያለውን ማስፈንጠሪያ ይጫኑ  ይደውሉ ወይም ያሉበት እንደርሳለን,"['ሁሉንም', 'በአንድ', 'የያዘ', 'የልጆች', 'መጫወቻ', 'ለበለጠ', 'መረጃ', 'ከታች', 'ያለውን', 'ማስፈንጠሪያ', 'ይጫኑ', 'ይደውሉ', 'ወይም', 'ያሉበት', 'እንደርሳለን']","['O', 'O', 'O', 'O', 'O', 'O', 'O', 'O', 'O', 'O', 'O', 'O', 'O', 'O', 'O']"
አድራሻሜክሲኮ ኮሜርስ ጀርባ መዚድ ፕላዛ የመጀመሪያ ደረጃ እንደወጡ የቢሮ ቁጥር ያገኙናል,"['አድራሻሜክሲኮ', 'ኮሜርስ', 'ጀርባ', 'መዚድ', 'ፕላዛ', 'የመጀመሪያ', 'ደረጃ', 'እንደወጡ', 'የቢሮ', 'ቁጥር', 'ያገኙናል']","['O', 'O', 'O', 'O', 'O', 'O', 'O', 'O', 'O', 'O', 'O']"
አድራሻሜክሲኮ ኮሜርስ ጀርባ መዚድ ፕላዛ የመጀመሪያ ደረጃ እንደወጡ የቢሮ ቁጥር ያገኙናል,"['አድራሻሜክሲኮ', 'ኮሜርስ', 'ጀርባ', 'መዚድ', 'ፕላዛ', 'የመጀመሪያ', 'ደረጃ', 'እንደወጡ', 'የቢሮ', 'ቁጥር', 'ያገኙናል']","['O', 'O', 'O', 'O', 'O', 'O', 'O', 'O', 'O', 'O', 'O']"
አድራሻሜክሲኮ ኮሜርስ ጀርባ መዚድ ፕላዛ የመጀመሪያ ደረጃ እንደወጡ የቢሮ ቁጥር ያገኙናል,"['አድራሻሜክሲኮ', 'ኮሜርስ', 'ጀርባ', 'መዚድ', 'ፕላዛ', 'የመጀመሪያ', 'ደረጃ', 'እንደወጡ', 'የቢሮ', 'ቁጥር', 'ያገኙናል']","['O', 'O', 'O', 'O', 'O', 'O', 'O', 'O', 'O', 'O', 'O']"
አድራሻሜክሲኮ ኮሜርስ ጀርባ መዚድ ፕላዛ የመጀመሪያ ደረጃ እንደወጡ የቢሮ ቁጥር ያገኙናል,"['አድራሻሜክሲኮ', 'ኮሜርስ', 'ጀርባ', 'መዚድ', 'ፕላዛ', 'የመጀመሪያ', 'ደረጃ', 'እንደወጡ', 'የቢሮ', 'ቁጥር', 'ያገኙናል']","['O', 'O', 'O', 'O', 'O', 'O', 'O', 'O', 'O', 'O', 'O']"
አድራሻሜክሲኮ ኮሜርስ ጀርባ መዚድ ፕላዛ የመጀመሪያ ደረጃ እንደወጡ የቢሮ ቁጥር ያገኙናል,"['አድራሻሜክሲኮ', 'ኮሜርስ', 'ጀርባ', 'መዚድ', 'ፕላዛ', 'የመጀመሪያ', 'ደረጃ', 'እንደወጡ', 'የቢሮ', 'ቁጥር', 'ያገኙናል']","['O', 'O', 'O', 'O', 'O', 'O', 'O', 'O', 'O', 'O', 'O']"
አድራሻሜክሲኮ ኮሜርስ ጀርባ መዚድ ፕላዛ የመጀመሪያ ደረጃ እንደወጡ የቢሮ ቁጥር ያገኙናል,"['አድራሻሜክሲኮ', 'ኮሜርስ', 'ጀርባ', 'መዚድ', 'ፕላዛ', 'የመጀመሪያ', 'ደረጃ', 'እንደወጡ', 'የቢሮ', 'ቁጥር', 'ያገኙናል']","['O', 'O', 'O', 'O', 'O', 'O', 'O', 'O', 'O', 'O', 'O']"
